<?xml version="1.0"?>

<extension>
	<name>PLUGIN_BMPFONTS</name>
	<module>Plugins::BMPFonts::Plugin</module>
	<version>1.0</version>
	<description>PLUGIN_BMPFONTS_DESC</description>
	<creator>Daniel Frein</creator>
	<email>daniel.frein@gmail.com</email>
	<defaultState>enabled</defaultState>
	<homepageURL>https://forums.slimdevices.com/forum/user-forums/general-discussion/111149-new-bitmap-fonts-for-transporter-and-sb2-sb3/</homepageURL>
	<optionsURL></optionsURL>
	<id></id>
	<type>2</type><!-- type=extension -->
	<targetApplication>
		<id>SqueezeCenter</id>
		<minVersion>7.0</minVersion>
	        <maxVersion>*</maxVersion>
	</targetApplication>
</extension>
